index,part_code,orientation,x_mm,y_mm,z_mm,heading_degrees,length_mm,width_mm,height_mm,turn_degrees,scale,geometry_source,source_3mf
1,C8205,RIGHT,0.0,0.0,0,0.0,336.0,156.0,6.0,0.0,0.96,3MF,c8205.3mf
2,C8205,RIGHT,336.0,0.0,0,0.0,336.0,156.0,6.0,0.0,0.96,3MF,c8205.3mf
3,C8205,RIGHT,672.0,0.0,0,0.0,336.0,156.0,6.0,0.0,0.96,3MF,c8205.3mf
4,C8205,RIGHT,1008.0,0.0,0,0.0,336.0,156.0,6.0,0.0,0.96,3MF,c8205.3mf
5,C8205,RIGHT,1344.0,0.0,0,0.0,336.0,156.0,6.0,0.0,0.96,3MF,c8205.3mf
6,C8205,RIGHT,1680.0,0.0,0,0.0,336.0,156.0,6.0,0.0,0.96,3MF,c8205.3mf
7,C8205,RIGHT,2016.0,0.0,0,0.0,336.0,156.0,6.0,0.0,0.96,3MF,c8205.3mf
8,C8205,RIGHT,2352.0,0.0,0,0.0,336.0,156.0,6.0,0.0,0.96,3MF,c8205.3mf
9,C8205,RIGHT,2688.0,0.0,0,0.0,336.0,156.0,6.0,0.0,0.96,3MF,c8205.3mf
10,C8205,RIGHT,3024.0,0.0,0,0.0,336.0,156.0,6.0,0.0,0.96,3MF,c8205.3mf
11,C8205,RIGHT,3360.0,0.0,0,0.0,336.0,156.0,6.0,0.0,0.96,3MF,c8205.3mf
12,C8205,RIGHT,3696.0,0.0,0,0.0,336.0,156.0,6.0,0.0,0.96,3MF,c8205.3mf
13,C8205,RIGHT,4032.0,0.0,0,0.0,336.0,156.0,6.0,0.0,0.96,3MF,c8205.3mf
14,C8205,RIGHT,4368.0,0.0,0,0.0,336.0,156.0,6.0,0.0,0.96,3MF,c8205.3mf
15,C8006,RIGHT,4704.0,0.0,0,0.0,642.974,167.01,9.0,0.0,0.96,3MF,c8006.3mf
16,C8005,LEFT,5346.974,0.0,0,0.0,335.999,156.0,21.713,0.0,0.96,3MF,c8005.3mf
17,C8031,RIGHT,5682.973,0.0,0,0.0,396.232,156.0,7.75,0.0,0.96,3MF,c8031a.3mf
18,C153,LEFT,6079.206,0.0,0,0.0,193.24,184.164,9.0,-22.5,0.96,3MF,c153l.3mf
19,C153,RIGHT,6272.446,0.0,0,-22.5,193.24,184.164,9.0,22.5,0.96,3MF,c153l.3mf
20,C154,LEFT,6450.977,-73.95,0,0.0,165.398,141.593,9.0,-22.5,0.96,3MF,c154l.3mf
21,C154,RIGHT,6616.375,-73.95,0,-22.5,165.398,141.593,9.0,22.5,0.96,3MF,c154l.3mf
22,C8200,RIGHT,6769.183,-137.245,0,0.0,149.76,87.0,6.0,0.0,0.96,3MF,c8200.3mf
23,C8235,RIGHT,6918.943,-137.245,0,0.0,250.551,196.04,6.0,0.0,0.96,3MF,c8235l.3mf
24,C8235,RIGHT,7169.495,-137.245,0,0.0,250.551,196.04,6.0,0.0,0.96,3MF,c8235l.3mf
25,C8235,RIGHT,7420.046,-137.245,0,0.0,250.551,196.04,6.0,0.0,0.96,3MF,c8235l.3mf
26,C8235,RIGHT,7670.598,-137.245,0,0.0,250.551,196.04,6.0,0.0,0.96,3MF,c8235l.3mf
27,C8235,RIGHT,7921.149,-137.245,0,0.0,250.551,196.04,6.0,0.0,0.96,3MF,c8235l.3mf
28,C153,RIGHT,8171.7,-137.245,0,0.0,193.24,184.164,9.0,22.5,0.96,3MF,c153l.3mf
29,C153,RIGHT,8364.941,-137.245,0,22.5,193.24,184.164,9.0,22.5,0.96,3MF,c153l.3mf
30,C153,RIGHT,8543.471,-63.295,0,45.0,193.24,184.164,9.0,22.5,0.96,3MF,c153l.3mf
31,C8205,RIGHT,8680.113,73.346,0,67.5,336.0,156.0,6.0,0.0,0.96,3MF,c8205.3mf
32,C8205,RIGHT,8808.695,383.77,0,67.5,336.0,156.0,6.0,0.0,0.96,3MF,c8205.3mf
33,C8205,RIGHT,8937.276,694.193,0,67.5,336.0,156.0,6.0,0.0,0.96,3MF,c8205.3mf
34,C8205,RIGHT,9065.858,1004.617,0,67.5,336.0,156.0,6.0,0.0,0.96,3MF,c8205.3mf
35,C8005,LEFT,9194.439,1315.04,0,67.5,335.999,156.0,21.713,0.0,0.96,3MF,c8005.3mf
36,C8031,RIGHT,9323.021,1625.463,0,67.5,396.232,156.0,7.75,0.0,0.96,3MF,c8031a.3mf
37,C8010,LEFT,9474.652,1991.534,0,67.5,251.165,218.679,9.0,0.0,0.96,3MF,c8010l.3mf
38,C151,LEFT,9570.769,2223.58,0,67.5,251.165,218.679,9.0,0.0,0.96,3MF,c151l.3mf
39,C151,RIGHT,9666.885,2455.626,0,67.5,251.165,218.679,9.0,0.0,0.96,3MF,c151l.3mf
40,C8207,RIGHT,9763.002,2687.672,0,67.5,168.0,156.0,6.0,0.0,0.96,3MF,c8207.3mf
41,C153,RIGHT,9827.293,2842.884,0,67.5,193.24,184.164,9.0,22.5,0.96,3MF,c153l.3mf
42,C153,RIGHT,9901.243,3021.415,0,90.0,193.24,184.164,9.0,22.5,0.96,3MF,c153l.3mf
43,C153,RIGHT,9901.243,3214.655,0,112.5,193.24,184.164,9.0,22.5,0.96,3MF,c153l.3mf
44,C153,RIGHT,9827.293,3393.186,0,135.0,193.24,184.164,9.0,22.5,0.96,3MF,c153l.3mf
45,C153,RIGHT,9690.651,3529.827,0,157.5,193.24,184.164,9.0,22.5,0.96,3MF,c153l.3mf
46,C153,RIGHT,9512.121,3603.777,0,180.0,193.24,184.164,9.0,22.5,0.96,3MF,c153l.3mf
47,C153,RIGHT,9318.88,3603.777,0,202.5,193.24,184.164,9.0,22.5,0.96,3MF,c153l.3mf
48,C153,RIGHT,9140.349,3529.827,0,225.0,193.24,184.164,9.0,22.5,0.96,3MF,c153l.3mf
49,C151,RIGHT,9003.708,3393.186,0,247.5,251.165,218.679,9.0,0.0,0.96,3MF,c151l.3mf
50,C151,RIGHT,8907.591,3161.14,0,247.5,251.165,218.679,9.0,0.0,0.96,3MF,c151l.3mf
51,C8205,RIGHT,8811.475,2929.094,0,247.5,336.0,156.0,6.0,0.0,0.96,3MF,c8205.3mf
52,C8205,RIGHT,8682.893,2618.67,0,247.5,336.0,156.0,6.0,0.0,0.96,3MF,c8205.3mf
53,C8205,RIGHT,8554.311,2308.247,0,247.5,336.0,156.0,6.0,0.0,0.96,3MF,c8205.3mf
54,C8205,RIGHT,8425.73,1997.823,0,247.5,336.0,156.0,6.0,0.0,0.96,3MF,c8205.3mf
55,C8205,RIGHT,8297.148,1687.4,0,247.5,336.0,156.0,6.0,0.0,0.96,3MF,c8205.3mf
56,C8205,RIGHT,8168.567,1376.976,0,247.5,336.0,156.0,6.0,0.0,0.96,3MF,c8205.3mf
57,C8205,RIGHT,8039.985,1066.552,0,247.5,336.0,156.0,6.0,0.0,0.96,3MF,c8205.3mf
58,C8205,RIGHT,7911.403,756.129,0,247.5,336.0,156.0,6.0,0.0,0.96,3MF,c8205.3mf
59,C8205,RIGHT,7782.822,445.705,0,247.5,336.0,156.0,6.0,0.0,0.96,3MF,c8205.3mf
60,C8205,RIGHT,7654.24,135.282,0,247.5,336.0,156.0,6.0,0.0,0.96,3MF,c8205.3mf
61,C8205,RIGHT,7525.658,-175.142,0,247.5,336.0,156.0,6.0,0.0,0.96,3MF,c8205.3mf
62,C8205,RIGHT,7397.077,-485.565,0,247.5,336.0,156.0,6.0,0.0,0.96,3MF,c8205.3mf
63,C8205,RIGHT,7268.495,-795.989,0,247.5,336.0,156.0,6.0,0.0,0.96,3MF,c8205.3mf
64,C8006,RIGHT,7139.913,-1106.412,0,247.5,642.974,167.01,9.0,0.0,0.96,3MF,c8006.3mf
65,C8031,LEFT,6893.858,-1700.443,0,247.5,396.232,156.0,7.75,0.0,0.96,3MF,c8031a.3mf
66,C151,LEFT,6742.226,-2066.514,0,247.5,251.165,218.679,9.0,0.0,0.96,3MF,c151l.3mf
67,C151,RIGHT,6646.11,-2298.56,0,247.5,251.165,218.679,9.0,0.0,0.96,3MF,c151l.3mf
68,C151,LEFT,6549.993,-2530.606,0,247.5,251.165,218.679,9.0,0.0,0.96,3MF,c151l.3mf
69,C153,LEFT,6453.876,-2762.652,0,247.5,193.24,184.164,9.0,-22.5,0.96,3MF,c153l.3mf
70,C153,RIGHT,6379.927,-2941.183,0,225.0,193.24,184.164,9.0,22.5,0.96,3MF,c153l.3mf
71,C153,LEFT,6243.285,-3077.824,0,247.5,193.24,184.164,9.0,-22.5,0.96,3MF,c153l.3mf
72,C153,RIGHT,6169.335,-3256.355,0,225.0,193.24,184.164,9.0,22.5,0.96,3MF,c153l.3mf
73,C8236,RIGHT,6032.694,-3392.997,0,247.5,149.76,78.0,6.0,0.0,0.96,3MF,c8236.3mf
74,C8205,RIGHT,5975.383,-3531.357,0,247.5,336.0,156.0,6.0,0.0,0.96,3MF,c8205.3mf
75,C8205,RIGHT,5846.801,-3841.78,0,247.5,336.0,156.0,6.0,0.0,0.96,3MF,c8205.3mf
76,C8205,RIGHT,5718.22,-4152.204,0,247.5,336.0,156.0,6.0,0.0,0.96,3MF,c8205.3mf
77,C8205,RIGHT,5589.638,-4462.627,0,247.5,336.0,156.0,6.0,0.0,0.96,3MF,c8205.3mf
78,C8205,RIGHT,5461.056,-4773.051,0,247.5,336.0,156.0,6.0,0.0,0.96,3MF,c8205.3mf
79,C8205,RIGHT,5332.475,-5083.474,0,247.5,336.0,156.0,6.0,0.0,0.96,3MF,c8205.3mf
80,C8205,RIGHT,5203.893,-5393.898,0,247.5,336.0,156.0,6.0,0.0,0.96,3MF,c8205.3mf
81,C8205,RIGHT,5075.312,-5704.322,0,247.5,336.0,156.0,6.0,0.0,0.96,3MF,c8205.3mf
82,C187,RIGHT,4946.73,-6014.745,0,247.5,83.52,78,8,0.0,0.96,fallback_missing_3mf,
83,C187,RIGHT,4914.768,-6091.907,0,247.5,83.52,78,8,0.0,0.96,fallback_missing_3mf,
84,C187,RIGHT,4882.806,-6169.07,0,247.5,83.52,78,8,0.0,0.96,fallback_missing_3mf,
85,C187,RIGHT,4850.845,-6246.232,0,247.5,83.52,78,8,0.0,0.96,fallback_missing_3mf,
86,C187,RIGHT,4818.883,-6323.395,0,247.5,83.52,78,8,0.0,0.96,fallback_missing_3mf,
87,C187,RIGHT,4786.921,-6400.557,0,247.5,83.52,78,8,0.0,0.96,fallback_missing_3mf,
88,C187,RIGHT,4754.96,-6477.72,0,247.5,83.52,78,8,0.0,0.96,fallback_missing_3mf,
89,C156,RIGHT,4722.998,-6554.882,0,247.5,205.44,214.0,9.0,0.0,0.96,3MF,c156l.3mf
90,C156,RIGHT,4644.379,-6744.684,0,247.5,205.44,214.0,9.0,0.0,0.96,3MF,c156l.3mf
91,C156,RIGHT,4565.761,-6934.486,0,247.5,205.44,214.0,9.0,0.0,0.96,3MF,c156l.3mf
92,C156,RIGHT,4487.142,-7124.287,0,247.5,205.44,214.0,9.0,0.0,0.96,3MF,c156l.3mf
93,C156,RIGHT,4408.524,-7314.089,0,247.5,205.44,214.0,9.0,0.0,0.96,3MF,c156l.3mf
94,C156,RIGHT,4329.905,-7503.891,0,247.5,205.44,214.0,9.0,0.0,0.96,3MF,c156l.3mf
95,C156,RIGHT,4251.287,-7693.693,0,247.5,205.44,214.0,9.0,0.0,0.96,3MF,c156l.3mf
96,C151,RIGHT,4172.668,-7883.495,0,247.5,251.165,218.679,9.0,0.0,0.96,3MF,c151l.3mf
97,C151,RIGHT,4076.552,-8115.541,0,247.5,251.165,218.679,9.0,0.0,0.96,3MF,c151l.3mf
98,C151,RIGHT,3980.435,-8347.587,0,247.5,251.165,218.679,9.0,0.0,0.96,3MF,c151l.3mf
99,C151,RIGHT,3884.319,-8579.633,0,247.5,251.165,218.679,9.0,0.0,0.96,3MF,c151l.3mf
100,C153,RIGHT,3788.202,-8811.679,0,247.5,193.24,184.164,9.0,22.5,0.96,3MF,c153l.3mf
101,C153,RIGHT,3714.252,-8990.21,0,270.0,193.24,184.164,9.0,22.5,0.96,3MF,c153l.3mf
102,C153,RIGHT,3714.252,-9183.45,0,292.5,193.24,184.164,9.0,22.5,0.96,3MF,c153l.3mf
103,C153,RIGHT,3788.202,-9361.981,0,315.0,193.24,184.164,9.0,22.5,0.96,3MF,c153l.3mf
104,C153,RIGHT,3924.844,-9498.622,0,337.5,193.24,184.164,9.0,22.5,0.96,3MF,c153l.3mf
105,C153,RIGHT,4103.374,-9572.572,0,360.0,193.24,184.164,9.0,22.5,0.96,3MF,c153l.3mf
106,C153,RIGHT,4296.615,-9572.572,0,382.5,193.24,184.164,9.0,22.5,0.96,3MF,c153l.3mf
107,C153,RIGHT,4475.145,-9498.622,0,405.0,193.24,184.164,9.0,22.5,0.96,3MF,c153l.3mf
108,C153,RIGHT,4611.787,-9361.981,0,427.5,193.24,184.164,9.0,22.5,0.96,3MF,c153l.3mf
