x_mm,y_mm
0.000,0.000
11.945,0.000
23.890,0.000
35.835,0.000
47.780,0.000
59.725,0.000
71.670,0.000
83.615,0.000
95.560,0.000
107.505,0.000
119.450,0.000
131.395,0.000
143.340,0.000
155.285,0.000
167.230,0.000
179.175,0.000
191.120,0.000
203.065,0.000
215.010,0.000
226.955,0.000
238.900,0.000
250.845,0.000
262.790,0.000
274.735,0.000
286.680,0.000
298.625,0.000
310.570,0.000
322.515,0.000
334.460,0.000
346.405,0.000
358.350,0.000
370.295,0.000
382.240,0.000
394.185,0.000
406.130,0.000
418.075,0.000
430.020,0.000
441.965,0.000
453.910,0.000
465.855,0.000
477.800,0.000
488.279,-1.553
498.758,-3.106
509.238,-4.659
519.717,-6.212
530.196,-7.765
540.675,-9.318
551.155,-10.871
561.634,-12.424
572.125,-16.945
582.615,-21.466
593.106,-25.987
603.597,-30.508
614.088,-35.029
624.578,-39.550
632.536,-45.882
640.494,-52.215
648.452,-58.547
656.410,-64.880
664.368,-71.212
670.839,-80.198
677.310,-89.185
683.782,-98.171
690.253,-107.157
696.724,-116.144
703.195,-125.130
709.667,-134.116
713.380,-144.043
717.093,-153.969
720.806,-163.895
724.519,-173.822
728.233,-183.748
731.946,-193.674
735.659,-203.600
737.960,-214.375
740.261,-225.150
742.563,-235.925
744.864,-246.700
747.165,-257.475
749.466,-268.250
751.767,-279.025
754.069,-289.800
755.895,-301.002
757.721,-312.204
759.548,-323.406
761.374,-334.607
763.200,-345.809
765.027,-357.011
766.853,-368.213
768.679,-379.415
770.506,-390.617
772.332,-401.819
774.158,-413.021
775.985,-424.223
777.811,-435.425
779.721,-446.437
781.631,-457.449
783.542,-468.461
785.452,-479.473
787.362,-490.485
789.272,-501.497
791.182,-512.509
793.093,-523.521
795.003,-534.533
796.913,-545.545
798.823,-556.557
800.733,-567.569
802.644,-578.581
803.221,-589.760
803.799,-600.940
804.377,-612.119
804.955,-623.298
805.532,-634.478
806.110,-645.657
806.688,-656.836
807.265,-668.016
807.843,-679.195
808.421,-690.374
808.999,-701.554
809.576,-712.733
810.154,-723.912
810.732,-735.092
810.814,-745.986
810.897,-756.880
810.980,-767.775
811.063,-778.669
811.146,-789.563
811.229,-800.458
811.311,-811.352
811.394,-822.247
811.477,-833.141
811.068,-844.983
810.659,-856.825
810.250,-868.667
809.840,-880.509
809.431,-892.352
809.022,-904.194
808.613,-916.036
808.204,-927.878
807.795,-939.720
807.385,-951.562
806.976,-963.404
806.567,-975.247
806.158,-987.089
805.749,-998.931
805.340,-1010.773
804.930,-1022.615
804.521,-1034.457
804.112,-1046.299
803.703,-1058.142
803.294,-1069.984
802.570,-1081.850
801.846,-1093.717
801.122,-1105.584
800.398,-1117.451
799.674,-1129.317
798.951,-1141.184
798.227,-1153.051
797.503,-1164.917
796.779,-1176.784
796.055,-1188.651
795.331,-1200.517
794.607,-1212.384
793.883,-1224.251
793.160,-1236.118
792.436,-1247.984
791.712,-1259.851
790.988,-1271.718
791.177,-1283.046
791.367,-1294.375
791.557,-1305.704
791.746,-1317.032
791.936,-1328.361
792.125,-1339.689
792.315,-1351.018
795.670,-1361.890
799.026,-1372.762
802.382,-1383.633
805.738,-1394.505
809.094,-1405.377
812.449,-1416.249
815.805,-1427.121
820.559,-1437.874
825.314,-1448.627
830.068,-1459.381
834.822,-1470.134
839.576,-1480.888
844.331,-1491.641
849.085,-1502.395
853.839,-1513.148
858.593,-1523.901
863.347,-1534.655
866.466,-1544.753
869.585,-1554.852
872.704,-1564.950
875.823,-1575.048
878.941,-1585.147
882.060,-1595.245
880.840,-1606.248
879.620,-1617.250
878.399,-1628.253
877.179,-1639.255
874.193,-1649.420
871.208,-1659.585
868.222,-1669.751
865.236,-1679.916
862.250,-1690.081
857.063,-1700.873
851.876,-1711.665
846.688,-1722.458
841.501,-1733.250
836.314,-1744.042
831.126,-1754.834
825.939,-1765.626
820.751,-1776.418
815.564,-1787.210
810.377,-1798.002
805.189,-1808.794
800.002,-1819.587
794.815,-1830.379
789.627,-1841.171
784.440,-1851.963
779.253,-1862.755
774.065,-1873.547
768.878,-1884.339
763.690,-1895.131
762.110,-1905.747
760.529,-1916.362
758.949,-1926.977
757.369,-1937.592
755.788,-1948.207
754.208,-1958.822
752.627,-1969.437
751.047,-1980.052
752.217,-1990.408
753.388,-2000.764
754.558,-2011.120
755.728,-2021.476
756.899,-2031.832
758.069,-2042.188
762.933,-2053.094
767.796,-2063.999
772.660,-2074.905
777.524,-2085.810
782.387,-2096.715
788.189,-2106.501
793.990,-2116.287
799.791,-2126.073
805.593,-2135.859
811.394,-2145.645
817.196,-2155.431
822.997,-2165.217
828.798,-2175.003
834.600,-2184.789
840.401,-2194.574
846.203,-2204.360
852.004,-2214.146
854.802,-2224.644
857.600,-2235.142
860.398,-2245.639
863.196,-2256.137
865.994,-2266.635
865.472,-2276.654
864.951,-2286.673
864.429,-2296.691
863.907,-2306.710
863.385,-2316.729
862.863,-2326.748
859.237,-2337.427
855.612,-2348.106
851.986,-2358.786
848.360,-2369.465
844.734,-2380.144
837.088,-2388.105
829.442,-2396.066
821.796,-2404.027
814.150,-2411.988
806.503,-2419.949
798.857,-2427.910
791.211,-2435.871
781.850,-2441.404
772.490,-2446.937
763.129,-2452.470
753.768,-2458.004
744.407,-2463.537
735.046,-2469.070
725.686,-2474.603
715.827,-2479.252
705.968,-2483.900
696.108,-2488.549
686.249,-2493.198
676.390,-2497.847
666.531,-2502.495
656.672,-2507.144
646.813,-2511.793
636.954,-2516.442
627.089,-2521.158
617.224,-2525.874
607.359,-2530.590
597.494,-2535.306
587.629,-2540.022
577.765,-2544.738
567.900,-2549.454
559.511,-2556.320
551.122,-2563.185
542.733,-2570.051
534.345,-2576.917
525.956,-2583.782
517.567,-2590.648
510.776,-2600.058
503.985,-2609.467
497.193,-2618.877
490.402,-2628.287
483.611,-2637.697
476.820,-2647.107
470.028,-2656.517
463.237,-2665.927
456.446,-2675.337
450.019,-2685.226
443.593,-2695.116
437.166,-2705.006
430.740,-2714.896
424.313,-2724.785
417.886,-2734.675
411.460,-2744.565
405.033,-2754.454
398.607,-2764.344
392.180,-2774.234
385.754,-2784.124
379.327,-2794.013
372.901,-2803.903
366.474,-2813.793
360.047,-2823.682
353.621,-2833.572
347.194,-2843.462
340.768,-2853.352
334.341,-2863.241
327.777,-2873.162
321.213,-2883.082
314.650,-2893.002
308.086,-2902.922
301.522,-2912.843
294.958,-2922.763
288.394,-2932.683
281.830,-2942.603
275.266,-2952.524
268.702,-2962.444
262.138,-2972.364
255.574,-2982.284
249.010,-2992.204
242.447,-3002.125
235.883,-3012.045
229.319,-3021.965
222.755,-3031.885
216.191,-3041.806
209.627,-3051.726
203.063,-3061.646
196.499,-3071.566
189.935,-3081.487
183.371,-3091.407
176.807,-3101.327
170.244,-3111.247
163.680,-3121.168
157.116,-3131.088
150.552,-3141.008
143.988,-3150.928
137.424,-3160.849
130.860,-3170.769
124.296,-3180.689
117.732,-3190.609
111.168,-3200.530
104.604,-3210.450
98.041,-3220.370
91.477,-3230.290
84.913,-3240.210
78.349,-3250.131
71.785,-3260.051
65.221,-3269.971
58.657,-3279.891
52.093,-3289.812
45.529,-3299.732
38.965,-3309.652
32.401,-3319.572
25.838,-3329.493
19.274,-3339.413
12.710,-3349.333
6.146,-3359.253
-0.418,-3369.174
-6.982,-3379.094
-13.546,-3389.014
-20.110,-3398.934
-26.674,-3408.855
-33.238,-3418.775
-39.802,-3428.695
-46.365,-3438.615
-52.929,-3448.536
-59.493,-3458.456
-66.057,-3468.376
-72.621,-3478.296
-79.185,-3488.216
-85.749,-3498.137
-92.313,-3508.057
-98.877,-3517.977
-105.441,-3527.897
-112.005,-3537.818
-118.568,-3547.738
-125.132,-3557.658
-131.696,-3567.578
-138.260,-3577.499
-144.824,-3587.419
-151.388,-3597.339
-157.952,-3607.259
-164.516,-3617.180
-171.080,-3627.100
-177.644,-3637.020
-184.208,-3646.940
-190.771,-3656.861
-197.335,-3666.781
-203.899,-3676.701
-210.463,-3686.621
-217.027,-3696.542
-223.591,-3706.462
-230.155,-3716.382
-236.719,-3726.302
-243.283,-3736.222
-249.847,-3746.143
-256.411,-3756.063
-262.974,-3765.983
-269.538,-3775.903
-276.102,-3785.824
-282.666,-3795.744
-289.230,-3805.664
-295.794,-3815.584
-302.358,-3825.505
-308.922,-3835.425
-315.486,-3845.345
-322.050,-3855.265
-328.614,-3865.186
-335.177,-3875.106
-342.340,-3884.376
-349.502,-3893.646
-356.664,-3902.916
-363.827,-3912.186
-370.989,-3921.456
-378.151,-3930.726
-385.314,-3939.996
-392.476,-3949.266
-399.638,-3958.536
-406.801,-3967.806
-413.963,-3977.076
-421.125,-3986.346
-428.288,-3995.616
-435.450,-4004.886
-442.612,-4014.156
-449.775,-4023.426
-456.937,-4032.696
-464.099,-4041.966
-471.262,-4051.236
-478.424,-4060.506
-485.586,-4069.776
-492.749,-4079.046
-499.911,-4088.316
-507.073,-4097.586
-514.236,-4106.856
-521.398,-4116.126
-528.560,-4125.396
-535.723,-4134.666
-542.885,-4143.936
-550.047,-4153.206
-557.522,-4161.634
-564.996,-4170.063
-572.470,-4178.492
-579.944,-4186.920
-587.419,-4195.349
-594.893,-4203.778
-602.367,-4212.206
-609.842,-4220.635
-619.130,-4227.574
-628.418,-4234.514
-637.706,-4241.453
-646.994,-4248.392
-656.282,-4255.331
-666.803,-4259.542
-677.325,-4263.754
-687.846,-4267.965
-698.367,-4272.176
-708.889,-4276.388
-719.615,-4278.132
-730.342,-4279.876
-741.069,-4281.619
-751.796,-4283.363
-762.522,-4285.107
-772.115,-4283.475
-781.707,-4281.842
-791.300,-4280.210
-800.892,-4278.577
-810.485,-4276.945
-820.977,-4273.582
-831.470,-4270.219
-841.962,-4266.856
-852.454,-4263.493
-862.947,-4260.131
-871.638,-4255.386
-880.330,-4250.642
-889.021,-4245.898
-897.712,-4241.154
-906.404,-4236.410
-913.876,-4229.322
-921.347,-4222.234
-928.819,-4215.147
-936.291,-4208.059
-943.763,-4200.971
-948.701,-4191.996
-953.640,-4183.021
-958.578,-4174.046
-963.516,-4165.071
-968.454,-4156.096
-973.392,-4147.121
-977.657,-4136.781
-981.922,-4126.440
-985.712,-4115.856
-989.502,-4105.272
-993.293,-4094.688
-997.083,-4084.104
-1000.873,-4073.520
-1004.663,-4062.936
-1008.453,-4052.352
-1012.243,-4041.768
-1016.033,-4031.184
-1019.823,-4020.600
-1023.613,-4010.016
-1028.494,-3999.508
-1033.375,-3989.000
-1038.255,-3978.491
-1043.136,-3967.983
-1048.017,-3957.475
-1052.897,-3946.967
-1057.778,-3936.459
-1062.659,-3925.951
-1067.539,-3915.443
-1072.420,-3904.935
-1078.476,-3895.166
-1084.531,-3885.398
-1090.587,-3875.629
-1096.643,-3865.861
-1102.699,-3856.092
-1108.755,-3846.324
-1114.810,-3836.555
-1120.866,-3826.787
-1126.922,-3817.018
-1133.226,-3807.972
-1139.529,-3798.926
-1145.832,-3789.880
-1152.136,-3780.833
-1158.439,-3771.787
-1164.743,-3762.741
-1171.866,-3753.386
-1178.989,-3744.031
-1186.111,-3734.676
-1193.234,-3725.321
-1200.357,-3715.966
-1207.480,-3706.611
-1215.078,-3697.347
-1222.675,-3688.084
-1230.273,-3678.820
-1237.871,-3669.557
-1245.468,-3660.294
-1253.066,-3651.030
-1260.664,-3641.767
-1268.262,-3632.503
-1275.859,-3623.240
-1283.457,-3613.977
-1290.126,-3604.429
-1296.796,-3594.882
-1303.466,-3585.335
-1310.135,-3575.788
-1316.805,-3566.241
-1323.474,-3556.693
-1330.144,-3547.146
-1336.813,-3537.599
-1343.483,-3528.052
-1350.153,-3518.505
-1356.822,-3508.957
-1363.492,-3499.410
-1370.161,-3489.863
-1376.831,-3480.316
-1383.500,-3470.768
-1390.170,-3461.221
-1396.840,-3451.674
-1403.509,-3442.127
-1410.179,-3432.580
-1416.848,-3423.032
-1423.518,-3413.485
-1430.187,-3403.938
-1436.857,-3394.391
-1443.527,-3384.844
-1450.196,-3375.296
-1458.976,-3368.551
-1467.756,-3361.805
-1476.246,-3360.116
-1484.737,-3358.428
-1493.227,-3356.739
-1502.094,-3360.050
-1510.961,-3363.361
-1519.829,-3366.672
-1529.200,-3373.769
-1538.572,-3380.865
-1547.944,-3387.962
-1557.316,-3395.058
-1566.688,-3402.155
-1576.059,-3409.251
-1585.431,-3416.348
-1594.803,-3423.444
-1604.175,-3430.541
-1613.365,-3432.874
-1622.556,-3435.207
-1631.747,-3437.540
-1640.585,-3435.822
-1649.423,-3434.103
-1658.261,-3432.384
-1665.520,-3428.619
-1672.779,-3424.854
-1680.038,-3421.089
-1687.367,-3412.761
-1694.696,-3404.432
-1702.025,-3396.104
-1709.354,-3387.775
-1715.525,-3380.231
-1721.697,-3372.687
-1727.869,-3365.143
-1734.040,-3357.598
-1740.212,-3350.054
-1746.437,-3340.113
-1752.663,-3330.171
-1758.888,-3320.230
-1765.114,-3310.288
-1771.340,-3300.347
-1777.565,-3290.405
-1781.822,-3279.970
-1786.079,-3269.536
-1790.335,-3259.101
-1794.592,-3248.666
-1798.849,-3238.231
-1803.105,-3227.796
-1805.836,-3217.257
-1808.566,-3206.718
-1811.296,-3196.179
-1814.026,-3185.639
-1816.757,-3175.100
-1819.487,-3164.561
-1821.552,-3152.750
-1823.617,-3140.939
-1825.682,-3129.129
-1827.748,-3117.318
-1829.813,-3105.507
-1831.878,-3093.697
-1831.761,-3084.307
-1831.644,-3074.918
-1831.527,-3065.528
-1828.977,-3056.351
-1826.428,-3047.173
-1823.878,-3037.995
-1818.010,-3029.581
-1812.142,-3021.167
-1806.274,-3012.753
-1799.252,-3003.489
-1792.231,-2994.226
-1785.209,-2984.963
-1778.187,-2975.700
-1771.166,-2966.436
-1764.144,-2957.173
-1756.140,-2948.423
-1748.135,-2939.673
-1740.131,-2930.923
-1732.127,-2922.174
-1724.123,-2913.424
-1716.119,-2904.674
-1708.114,-2895.924
-1700.110,-2887.174
-1692.106,-2878.424
-1684.102,-2869.674
-1676.097,-2860.924
-1668.093,-2852.175
-1660.089,-2843.425
-1652.085,-2834.675
-1644.081,-2825.925
-1636.076,-2817.175
-1628.072,-2808.425
-1620.068,-2799.675
-1612.064,-2790.925
-1604.060,-2782.176
-1596.055,-2773.426
-1588.051,-2764.676
-1580.047,-2755.926
-1572.043,-2747.176
-1564.038,-2738.426
-1556.034,-2729.676
-1548.030,-2720.926
-1540.026,-2712.177
-1532.022,-2703.427
-1524.017,-2694.677
-1516.013,-2685.927
-1508.009,-2677.177
-1500.005,-2668.427
-1492.001,-2659.677
-1483.996,-2650.928
-1475.992,-2642.178
-1467.988,-2633.428
-1459.984,-2624.678
-1451.979,-2615.928
-1443.975,-2607.178
-1435.971,-2598.428
-1427.967,-2589.678
-1419.963,-2580.929
-1411.958,-2572.179
-1403.954,-2563.429
-1395.950,-2554.679
-1387.946,-2545.929
-1379.941,-2537.179
-1371.937,-2528.429
-1363.933,-2519.679
-1355.929,-2510.930
-1347.925,-2502.180
-1339.920,-2493.430
-1331.916,-2484.680
-1323.912,-2475.930
-1315.908,-2467.180
-1307.904,-2458.430
-1299.899,-2449.680
-1291.895,-2440.931
-1283.891,-2432.181
-1275.887,-2423.431
-1267.882,-2414.681
-1259.878,-2405.931
-1251.874,-2397.181
-1243.870,-2388.431
-1235.866,-2379.682
-1227.861,-2370.932
-1219.857,-2362.182
-1211.853,-2353.432
-1203.849,-2344.682
-1195.844,-2335.932
-1187.840,-2327.182
-1179.836,-2318.432
-1171.832,-2309.683
-1163.828,-2300.933
-1155.823,-2292.183
-1147.819,-2283.433
-1139.815,-2274.683
-1131.811,-2265.933
-1123.932,-2257.441
-1116.054,-2248.948
-1108.175,-2240.456
-1100.296,-2231.964
-1092.418,-2223.471
-1084.539,-2214.979
-1076.660,-2206.486
-1068.782,-2197.994
-1060.903,-2189.502
-1053.024,-2181.009
-1045.146,-2172.517
-1037.267,-2164.024
-1029.389,-2155.532
-1021.510,-2147.040
-1013.631,-2138.547
-1005.753,-2130.055
-997.874,-2121.563
-989.995,-2113.070
-982.678,-2105.945
-975.361,-2098.820
-968.044,-2091.695
-960.727,-2084.570
-950.917,-2079.272
-941.106,-2073.973
-931.296,-2068.674
-921.485,-2063.376
-911.674,-2058.077
-900.357,-2056.385
-889.039,-2054.692
-877.722,-2053.000
-866.404,-2051.307
-855.087,-2049.615
-843.718,-2050.248
-832.349,-2050.882
-820.980,-2051.515
-809.611,-2052.149
-799.234,-2053.954
-788.857,-2055.759
-778.480,-2057.564
-768.103,-2059.370
-757.726,-2061.175
-747.349,-2062.980
-735.849,-2065.766
-724.349,-2068.552
-712.849,-2071.338
-701.350,-2074.123
-689.850,-2076.909
-678.350,-2079.695
-666.850,-2082.481
-655.351,-2085.267
-643.851,-2088.053
-632.351,-2090.839
-620.852,-2093.625
-609.352,-2096.411
-597.852,-2099.196
-586.352,-2101.982
-574.853,-2104.768
-563.433,-2107.129
-552.013,-2109.491
-540.593,-2111.852
-529.173,-2114.213
-517.753,-2116.574
-505.877,-2118.121
-494.001,-2119.667
-482.125,-2121.213
-470.249,-2122.760
-458.373,-2124.306
-446.913,-2123.737
-435.454,-2123.168
-423.995,-2122.598
-412.536,-2122.029
-401.077,-2121.460
-389.618,-2120.891
-379.107,-2119.147
-368.596,-2117.403
-358.086,-2115.660
-347.575,-2113.916
-337.064,-2112.172
-326.553,-2110.429
-316.868,-2106.097
-307.182,-2101.766
-297.496,-2097.434
-287.811,-2093.102
-278.125,-2088.771
-268.440,-2084.439
-258.512,-2077.868
-248.585,-2071.297
-238.657,-2064.726
-228.729,-2058.156
-218.802,-2051.585
-208.874,-2045.014
-198.947,-2038.443
-189.019,-2031.872
-179.091,-2025.301
-169.164,-2018.730
-159.236,-2012.159
-149.309,-2005.588
-139.381,-1999.017
-129.453,-1992.446
-119.526,-1985.875
-109.598,-1979.304
-99.671,-1972.733
-89.743,-1966.162
-79.815,-1959.591
-69.888,-1953.020
-59.960,-1946.450
-50.032,-1939.879
-40.105,-1933.308
-30.177,-1926.737
-20.250,-1920.166
-10.322,-1913.595
-0.394,-1907.024
9.533,-1900.453
19.461,-1893.882
29.388,-1887.311
39.316,-1880.740
49.244,-1874.169
59.171,-1867.598
69.099,-1861.027
79.026,-1854.456
88.954,-1847.885
98.882,-1841.315
108.809,-1834.744
118.737,-1828.173
127.073,-1823.581
135.410,-1818.990
143.747,-1814.399
153.788,-1810.335
163.830,-1806.272
173.872,-1802.209
183.858,-1802.129
193.845,-1802.048
203.832,-1801.968
211.124,-1805.356
218.416,-1808.744
225.708,-1812.132
232.059,-1818.952
238.410,-1825.771
244.762,-1832.590
248.259,-1840.016
251.757,-1847.441
255.254,-1854.866
257.511,-1866.516
259.768,-1878.166
262.026,-1889.816
264.283,-1901.466
266.540,-1913.116
268.798,-1924.766
271.055,-1936.416
273.312,-1948.066
275.570,-1959.716
277.827,-1971.366
280.084,-1983.016
282.341,-1994.666
284.599,-2006.316
286.856,-2017.966
289.113,-2029.616
291.371,-2041.266
293.628,-2052.916
295.885,-2064.566
298.142,-2076.216
303.454,-2086.932
308.766,-2097.649
314.078,-2108.365
322.051,-2115.326
330.025,-2122.286
337.998,-2129.246
347.919,-2130.585
357.841,-2131.923
367.763,-2133.261
376.336,-2130.305
384.910,-2127.348
393.484,-2124.391
402.058,-2121.435
409.663,-2113.172
417.269,-2104.909
424.875,-2096.646
430.147,-2087.705
435.419,-2078.764
440.691,-2069.823
445.243,-2060.047
449.796,-2050.270
454.349,-2040.494
458.901,-2030.717
463.454,-2020.941
468.007,-2011.164
472.559,-2001.388
476.846,-1991.696
481.133,-1982.005
485.420,-1972.314
489.707,-1962.623
493.993,-1952.932
498.280,-1943.240
501.711,-1933.665
505.141,-1924.089
508.572,-1914.513
512.002,-1904.937
515.433,-1895.361
518.863,-1885.786
521.491,-1874.507
524.118,-1863.228
526.746,-1851.949
529.373,-1840.670
532.000,-1829.392
533.743,-1819.432
535.485,-1809.471
537.227,-1799.511
538.970,-1789.551
540.712,-1779.591
542.454,-1769.631
542.666,-1759.158
542.877,-1748.685
543.088,-1738.212
543.299,-1727.738
543.510,-1717.265
543.722,-1706.792
540.421,-1697.105
537.121,-1687.418
533.820,-1677.731
528.085,-1669.997
522.350,-1662.263
516.616,-1654.529
510.881,-1646.795
505.146,-1639.061
497.023,-1630.237
488.900,-1621.413
480.777,-1612.590
472.654,-1603.766
464.531,-1594.942
456.408,-1586.118
448.285,-1577.294
440.162,-1568.470
432.039,-1559.647
423.916,-1550.823
415.792,-1541.999
407.669,-1533.175
399.546,-1524.351
391.423,-1515.527
383.300,-1506.704
375.177,-1497.880
367.054,-1489.056
358.931,-1480.232
350.808,-1471.408
342.685,-1462.585
334.562,-1453.761
326.439,-1444.937
318.316,-1436.113
310.193,-1427.289
302.070,-1418.465
293.947,-1409.642
285.824,-1400.818
277.701,-1391.994
269.578,-1383.170
261.455,-1374.346
253.332,-1365.522
245.209,-1356.699
237.086,-1347.875
228.963,-1339.051
220.840,-1330.227
212.717,-1321.403
204.594,-1312.579
196.471,-1303.756
188.348,-1294.932
180.225,-1286.108
172.102,-1277.284
163.979,-1268.460
155.856,-1259.636
147.733,-1250.813
139.610,-1241.989
131.486,-1233.165
123.363,-1224.341
115.240,-1215.517
107.117,-1206.694
98.994,-1197.870
90.871,-1189.046
82.748,-1180.222
74.625,-1171.398
66.502,-1162.574
58.379,-1153.751
50.256,-1144.927
42.133,-1136.103
34.010,-1127.279
25.887,-1118.455
17.764,-1109.631
9.641,-1100.808
1.518,-1091.984
-6.605,-1083.160
-14.728,-1074.336
-22.851,-1065.512
-30.974,-1056.688
-39.097,-1047.865
-47.220,-1039.041
-55.343,-1030.217
-63.466,-1021.393
-71.589,-1012.569
-79.712,-1003.746
-87.835,-994.922
-95.958,-986.098
-104.081,-977.274
-112.204,-968.450
-120.327,-959.626
-128.450,-950.803
-136.573,-941.979
-144.696,-933.155
-152.820,-924.331
-160.943,-915.507
-169.066,-906.683
-177.189,-897.860
-185.312,-889.036
-193.435,-880.212
-201.558,-871.388
-209.681,-862.564
-217.804,-853.740
-225.927,-844.917
-234.050,-836.093
-242.173,-827.269
-250.296,-818.445
-258.419,-809.621
-266.542,-800.797
-274.665,-791.974
-282.788,-783.150
-290.911,-774.326
-299.034,-765.502
-307.157,-756.678
-315.280,-747.855
-323.403,-739.031
-331.526,-730.207
-339.649,-721.383
-347.772,-712.559
-355.895,-703.735
-364.018,-694.912
-372.141,-686.088
-380.264,-677.264
-388.387,-668.440
-396.510,-659.616
-404.633,-650.792
-412.756,-641.969
-420.879,-633.145
-429.002,-624.321
-437.126,-615.497
-445.249,-606.673
-453.372,-597.849
-461.495,-589.026
-469.618,-580.202
-477.741,-571.378
-485.864,-562.554
-493.987,-553.730
-502.110,-544.906
-510.233,-536.083
-518.356,-527.259
-526.479,-518.435
-534.602,-509.611
-542.725,-500.787
-550.848,-491.964
-558.971,-483.140
-567.094,-474.316
-575.217,-465.492
-582.730,-459.782
-590.243,-454.072
-597.756,-448.363
-605.269,-442.653
-613.738,-437.358
-622.206,-432.064
-630.674,-426.769
-639.143,-421.475
-647.611,-416.180
-658.351,-413.651
-669.091,-411.121
-679.831,-408.591
-690.571,-406.061
-701.311,-403.531
-712.754,-403.845
-724.196,-404.160
-735.639,-404.474
-747.082,-404.788
-758.525,-405.103
-768.517,-408.933
-778.509,-412.763
-788.501,-416.593
-798.493,-420.423
-808.485,-424.253
-818.477,-428.084
-826.108,-435.965
-833.739,-443.846
-841.370,-451.727
-845.787,-460.742
-850.205,-469.757
-854.623,-478.772
-859.040,-487.787
-861.426,-499.107
-863.812,-510.427
-866.198,-521.747
-868.584,-533.067
-870.970,-544.387
-873.356,-555.707
-875.742,-567.027
-878.128,-578.346
-880.514,-589.666
-882.899,-600.986
-885.285,-612.306
-887.671,-623.626
-890.057,-634.946
-892.443,-646.266
-894.829,-657.586
-897.215,-668.906
-899.601,-680.226
-903.813,-689.900
-908.025,-699.574
-912.238,-709.247
-916.450,-718.921
-924.319,-726.354
-932.188,-733.787
-940.057,-741.220
-947.927,-748.653
-956.949,-752.141
-965.972,-755.628
-974.994,-759.115
-984.017,-762.602
-993.040,-766.090
-1005.003,-766.757
-1016.967,-767.425
-1028.931,-768.093
-1040.895,-768.761
-1051.154,-765.133
-1061.413,-761.506
-1071.672,-757.878
-1081.932,-754.251
-1092.191,-750.624
-1100.896,-743.528
-1109.602,-736.433
-1118.308,-729.338
-1127.013,-722.242
-1132.021,-714.401
-1137.029,-706.559
-1142.036,-698.717
-1147.044,-690.876
-1150.681,-681.872
-1154.318,-672.867
-1157.955,-663.863
-1161.592,-654.859
-1161.562,-645.462
-1161.532,-636.065
-1161.502,-626.668
-1161.472,-617.271
-1158.774,-607.394
-1156.076,-597.517
-1153.378,-587.640
-1150.680,-577.763
-1144.954,-567.295
-1139.228,-556.827
-1133.503,-546.359
-1127.777,-535.892
-1122.051,-525.424
-1116.325,-514.956
-1110.213,-505.076
-1104.100,-495.197
-1097.988,-485.318
-1091.876,-475.438
-1085.763,-465.559
-1079.651,-455.680
-1073.539,-445.800
-1067.426,-435.921
-1061.314,-426.042
-1055.202,-416.162
-1049.089,-406.283
-1042.977,-396.404
-1036.865,-386.524
-1030.752,-376.645
-1024.640,-366.766
-1018.528,-356.886
-1012.415,-347.007
-1006.303,-337.128
-1000.190,-327.248
-994.078,-317.369
-987.966,-307.490
-981.853,-297.610
-975.741,-287.731
-969.629,-277.852
-963.516,-267.972
-957.404,-258.093
-951.292,-248.214
-945.179,-238.334
-939.067,-228.455
-931.428,-220.860
-923.788,-213.264
-916.149,-205.669
-908.510,-198.074
-900.870,-190.478
-893.231,-182.883
-885.591,-175.287
-877.017,-167.963
-868.442,-160.639
-859.868,-153.315
-851.293,-145.991
-842.719,-138.667
-834.144,-131.343
-825.015,-124.767
-815.885,-118.191
-806.756,-111.616
-797.626,-105.040
-788.497,-98.465
-779.367,-91.889
-770.238,-85.314
-761.108,-78.738
-751.308,-73.087
-741.508,-67.436
-731.707,-61.786
-721.907,-56.135
-712.106,-50.484
-702.306,-44.833
-691.937,-41.504
-681.567,-38.174
-671.198,-34.845
-660.828,-31.516
-650.458,-28.186
-640.089,-24.857
-629.719,-21.528
-619.325,-19.109
-608.931,-16.691
-598.536,-14.272
-588.142,-11.854
-577.747,-9.436
-567.353,-7.017
-555.535,-6.570
-543.718,-6.122
-531.901,-5.675
-520.084,-5.227
-508.267,-4.780
-496.449,-4.333
-484.632,-3.885
-472.815,-3.438
-460.998,-2.990
-449.181,-2.543
-437.363,-2.095
-425.543,-2.039
-413.722,-1.982
-401.901,-1.925
-390.081,-1.869
-378.260,-1.812
-366.440,-1.756
-354.619,-1.699
-342.798,-1.642
-330.978,-1.586
-319.157,-1.529
-307.336,-1.472
-295.516,-1.416
-283.695,-1.359
-271.874,-1.302
-260.054,-1.246
-248.233,-1.189
-236.413,-1.133
-224.592,-1.076
-212.771,-1.019
-200.951,-0.963
-189.130,-0.906
-177.309,-0.849
-165.489,-0.793
-153.668,-0.736
-141.848,-0.680
-130.027,-0.623
-118.206,-0.566
-106.386,-0.510
-94.565,-0.453
-82.744,-0.396
-70.924,-0.340
-59.103,-0.283
-47.283,-0.227
-35.462,-0.170
-23.641,-0.113
-11.821,-0.057
0.000,0.000
